Marca,Categoría,Familia,Producto,Color,Configuración,Condición,Imagen,Precio,Disponibilidad
Apple,iPhone,iPhone Air,iPhone Air,Black,128GB,New / Pre-Owned / Pre-Order,iphone_air_black_new.jpg,,Consultar
Apple,iPhone,iPhone Air,iPhone Air,Black,256GB,New / Pre-Owned / Pre-Order,iphone_air_black_new.jpg,,Consultar
Apple,iPhone,iPhone Air,iPhone Air,Black,512GB,New / Pre-Owned / Pre-Order,iphone_air_black_new.jpg,,Consultar
Apple,iPhone,iPhone Air,iPhone Air,White,128GB,New / Pre-Owned / Pre-Order,iphone_air_white_new.jpg,,Consultar
Apple,iPhone,iPhone Air,iPhone Air,White,256GB,New / Pre-Owned / Pre-Order,iphone_air_white_new.jpg,,Consultar
Apple,iPhone,iPhone Air,iPhone Air,White,512GB,New / Pre-Owned / Pre-Order,iphone_air_white_new.jpg,,Consultar
Apple,iPhone,iPhone Air,iPhone Air,Champagne,128GB,New / Pre-Owned / Pre-Order,iphone_air_champagne_new.jpg,,Consultar
Apple,iPhone,iPhone Air,iPhone Air,Champagne,256GB,New / Pre-Owned / Pre-Order,iphone_air_champagne_new.jpg,,Consultar
Apple,iPhone,iPhone Air,iPhone Air,Champagne,512GB,New / Pre-Owned / Pre-Order,iphone_air_champagne_new.jpg,,Consultar
Apple,iPhone,iPhone Air,iPhone Air,Light Blue,128GB,New / Pre-Owned / Pre-Order,iphone_air_light_blue_new.jpg,,Consultar
Apple,iPhone,iPhone Air,iPhone Air,Light Blue,256GB,New / Pre-Owned / Pre-Order,iphone_air_light_blue_new.jpg,,Consultar
Apple,iPhone,iPhone Air,iPhone Air,Light Blue,512GB,New / Pre-Owned / Pre-Order,iphone_air_light_blue_new.jpg,,Consultar
Apple,iPhone,iPhone 17 / 17 Pro / 17 Air,iPhone 17 / 17 Pro / 17 Air,Black,iPhone 17 128GB,New / Pre-Owned / Pre-Order,17503AE9-B528-46DE-B964-434F78A7E50D.jpeg,,Consultar
Apple,iPhone,iPhone 17 / 17 Pro / 17 Air,iPhone 17 / 17 Pro / 17 Air,Black,iPhone 17 256GB,New / Pre-Owned / Pre-Order,17503AE9-B528-46DE-B964-434F78A7E50D.jpeg,,Consultar
Apple,iPhone,iPhone 17 / 17 Pro / 17 Air,iPhone 17 / 17 Pro / 17 Air,Black,iPhone 17 512GB,New / Pre-Owned / Pre-Order,17503AE9-B528-46DE-B964-434F78A7E50D.jpeg,,Consultar
Apple,iPhone,iPhone 17 / 17 Pro / 17 Air,iPhone 17 / 17 Pro / 17 Air,Black,iPhone 17 Pro 256GB,New / Pre-Owned / Pre-Order,17503AE9-B528-46DE-B964-434F78A7E50D.jpeg,,Consultar
Apple,iPhone,iPhone 17 / 17 Pro / 17 Air,iPhone 17 / 17 Pro / 17 Air,Black,iPhone 17 Pro 512GB,New / Pre-Owned / Pre-Order,17503AE9-B528-46DE-B964-434F78A7E50D.jpeg,,Consultar
Apple,iPhone,iPhone 17 / 17 Pro / 17 Air,iPhone 17 / 17 Pro / 17 Air,Black,iPhone 17 Pro Max 256GB,New / Pre-Owned / Pre-Order,17503AE9-B528-46DE-B964-434F78A7E50D.jpeg,,Consultar
Apple,iPhone,iPhone 17 / 17 Pro / 17 Air,iPhone 17 / 17 Pro / 17 Air,Black,iPhone 17 Pro Max 512GB,New / Pre-Owned / Pre-Order,17503AE9-B528-46DE-B964-434F78A7E50D.jpeg,,Consultar
Apple,iPhone,iPhone 17 / 17 Pro / 17 Air,iPhone 17 / 17 Pro / 17 Air,Black,iPhone 17 Air 256GB,New / Pre-Owned / Pre-Order,17503AE9-B528-46DE-B964-434F78A7E50D.jpeg,,Consultar
Apple,iPhone,iPhone 17 / 17 Pro / 17 Air,iPhone 17 / 17 Pro / 17 Air,Black,iPhone 17 Air 512GB,New / Pre-Owned / Pre-Order,17503AE9-B528-46DE-B964-434F78A7E50D.jpeg,,Consultar
Apple,iPhone,iPhone 17 / 17 Pro / 17 Air,iPhone 17 / 17 Pro / 17 Air,White,iPhone 17 128GB,New / Pre-Owned / Pre-Order,84547CF2-F3E7-4ECE-AD91-EDAEF2289225.jpeg,,Consultar
Apple,iPhone,iPhone 17 / 17 Pro / 17 Air,iPhone 17 / 17 Pro / 17 Air,White,iPhone 17 256GB,New / Pre-Owned / Pre-Order,84547CF2-F3E7-4ECE-AD91-EDAEF2289225.jpeg,,Consultar
Apple,iPhone,iPhone 17 / 17 Pro / 17 Air,iPhone 17 / 17 Pro / 17 Air,White,iPhone 17 512GB,New / Pre-Owned / Pre-Order,84547CF2-F3E7-4ECE-AD91-EDAEF2289225.jpeg,,Consultar
Apple,iPhone,iPhone 17 / 17 Pro / 17 Air,iPhone 17 / 17 Pro / 17 Air,White,iPhone 17 Pro 256GB,New / Pre-Owned / Pre-Order,84547CF2-F3E7-4ECE-AD91-EDAEF2289225.jpeg,,Consultar
Apple,iPhone,iPhone 17 / 17 Pro / 17 Air,iPhone 17 / 17 Pro / 17 Air,White,iPhone 17 Pro 512GB,New / Pre-Owned / Pre-Order,84547CF2-F3E7-4ECE-AD91-EDAEF2289225.jpeg,,Consultar
Apple,iPhone,iPhone 17 / 17 Pro / 17 Air,iPhone 17 / 17 Pro / 17 Air,White,iPhone 17 Pro Max 256GB,New / Pre-Owned / Pre-Order,84547CF2-F3E7-4ECE-AD91-EDAEF2289225.jpeg,,Consultar
Apple,iPhone,iPhone 17 / 17 Pro / 17 Air,iPhone 17 / 17 Pro / 17 Air,White,iPhone 17 Pro Max 512GB,New / Pre-Owned / Pre-Order,84547CF2-F3E7-4ECE-AD91-EDAEF2289225.jpeg,,Consultar
Apple,iPhone,iPhone 17 / 17 Pro / 17 Air,iPhone 17 / 17 Pro / 17 Air,White,iPhone 17 Air 256GB,New / Pre-Owned / Pre-Order,84547CF2-F3E7-4ECE-AD91-EDAEF2289225.jpeg,,Consultar
Apple,iPhone,iPhone 17 / 17 Pro / 17 Air,iPhone 17 / 17 Pro / 17 Air,White,iPhone 17 Air 512GB,New / Pre-Owned / Pre-Order,84547CF2-F3E7-4ECE-AD91-EDAEF2289225.jpeg,,Consultar
Apple,iPhone,iPhone 17 / 17 Pro / 17 Air,iPhone 17 / 17 Pro / 17 Air,Blue,iPhone 17 128GB,New / Pre-Owned / Pre-Order,7734BAA0-9FFA-43AA-90D4-162283F815E2.jpeg,,Consultar
Apple,iPhone,iPhone 17 / 17 Pro / 17 Air,iPhone 17 / 17 Pro / 17 Air,Blue,iPhone 17 256GB,New / Pre-Owned / Pre-Order,7734BAA0-9FFA-43AA-90D4-162283F815E2.jpeg,,Consultar
Apple,iPhone,iPhone 17 / 17 Pro / 17 Air,iPhone 17 / 17 Pro / 17 Air,Blue,iPhone 17 512GB,New / Pre-Owned / Pre-Order,7734BAA0-9FFA-43AA-90D4-162283F815E2.jpeg,,Consultar
Apple,iPhone,iPhone 17 / 17 Pro / 17 Air,iPhone 17 / 17 Pro / 17 Air,Blue,iPhone 17 Pro 256GB,New / Pre-Owned / Pre-Order,7734BAA0-9FFA-43AA-90D4-162283F815E2.jpeg,,Consultar
Apple,iPhone,iPhone 17 / 17 Pro / 17 Air,iPhone 17 / 17 Pro / 17 Air,Blue,iPhone 17 Pro 512GB,New / Pre-Owned / Pre-Order,7734BAA0-9FFA-43AA-90D4-162283F815E2.jpeg,,Consultar
Apple,iPhone,iPhone 17 / 17 Pro / 17 Air,iPhone 17 / 17 Pro / 17 Air,Blue,iPhone 17 Pro Max 256GB,New / Pre-Owned / Pre-Order,7734BAA0-9FFA-43AA-90D4-162283F815E2.jpeg,,Consultar
Apple,iPhone,iPhone 17 / 17 Pro / 17 Air,iPhone 17 / 17 Pro / 17 Air,Blue,iPhone 17 Pro Max 512GB,New / Pre-Owned / Pre-Order,7734BAA0-9FFA-43AA-90D4-162283F815E2.jpeg,,Consultar
Apple,iPhone,iPhone 17 / 17 Pro / 17 Air,iPhone 17 / 17 Pro / 17 Air,Blue,iPhone 17 Air 256GB,New / Pre-Owned / Pre-Order,7734BAA0-9FFA-43AA-90D4-162283F815E2.jpeg,,Consultar
Apple,iPhone,iPhone 17 / 17 Pro / 17 Air,iPhone 17 / 17 Pro / 17 Air,Blue,iPhone 17 Air 512GB,New / Pre-Owned / Pre-Order,7734BAA0-9FFA-43AA-90D4-162283F815E2.jpeg,,Consultar
Apple,iPhone,iPhone 17 / 17 Pro / 17 Air,iPhone 17 / 17 Pro / 17 Air,Purple,iPhone 17 128GB,New / Pre-Owned / Pre-Order,678BE8F4-3BEB-4CC5-AAC8-1D4AA52CE03C.jpeg,,Consultar
Apple,iPhone,iPhone 17 / 17 Pro / 17 Air,iPhone 17 / 17 Pro / 17 Air,Purple,iPhone 17 256GB,New / Pre-Owned / Pre-Order,678BE8F4-3BEB-4CC5-AAC8-1D4AA52CE03C.jpeg,,Consultar
Apple,iPhone,iPhone 17 / 17 Pro / 17 Air,iPhone 17 / 17 Pro / 17 Air,Purple,iPhone 17 512GB,New / Pre-Owned / Pre-Order,678BE8F4-3BEB-4CC5-AAC8-1D4AA52CE03C.jpeg,,Consultar
Apple,iPhone,iPhone 17 / 17 Pro / 17 Air,iPhone 17 / 17 Pro / 17 Air,Purple,iPhone 17 Pro 256GB,New / Pre-Owned / Pre-Order,678BE8F4-3BEB-4CC5-AAC8-1D4AA52CE03C.jpeg,,Consultar
Apple,iPhone,iPhone 17 / 17 Pro / 17 Air,iPhone 17 / 17 Pro / 17 Air,Purple,iPhone 17 Pro 512GB,New / Pre-Owned / Pre-Order,678BE8F4-3BEB-4CC5-AAC8-1D4AA52CE03C.jpeg,,Consultar
Apple,iPhone,iPhone 17 / 17 Pro / 17 Air,iPhone 17 / 17 Pro / 17 Air,Purple,iPhone 17 Pro Max 256GB,New / Pre-Owned / Pre-Order,678BE8F4-3BEB-4CC5-AAC8-1D4AA52CE03C.jpeg,,Consultar
Apple,iPhone,iPhone 17 / 17 Pro / 17 Air,iPhone 17 / 17 Pro / 17 Air,Purple,iPhone 17 Pro Max 512GB,New / Pre-Owned / Pre-Order,678BE8F4-3BEB-4CC5-AAC8-1D4AA52CE03C.jpeg,,Consultar
Apple,iPhone,iPhone 17 / 17 Pro / 17 Air,iPhone 17 / 17 Pro / 17 Air,Purple,iPhone 17 Air 256GB,New / Pre-Owned / Pre-Order,678BE8F4-3BEB-4CC5-AAC8-1D4AA52CE03C.jpeg,,Consultar
Apple,iPhone,iPhone 17 / 17 Pro / 17 Air,iPhone 17 / 17 Pro / 17 Air,Purple,iPhone 17 Air 512GB,New / Pre-Owned / Pre-Order,678BE8F4-3BEB-4CC5-AAC8-1D4AA52CE03C.jpeg,,Consultar
Apple,iPhone,iPhone 16 / 16 Pro,iPhone 16 / 16 Pro,Black,iPhone 16 128GB,New / Pre-Owned / Pre-Order,0470F45A-5D29-4485-96F6-A78C5E9BDD60.jpeg,,Consultar
Apple,iPhone,iPhone 16 / 16 Pro,iPhone 16 / 16 Pro,Black,iPhone 16 256GB,New / Pre-Owned / Pre-Order,0470F45A-5D29-4485-96F6-A78C5E9BDD60.jpeg,,Consultar
Apple,iPhone,iPhone 16 / 16 Pro,iPhone 16 / 16 Pro,Black,iPhone 16 512GB,New / Pre-Owned / Pre-Order,0470F45A-5D29-4485-96F6-A78C5E9BDD60.jpeg,,Consultar
Apple,iPhone,iPhone 16 / 16 Pro,iPhone 16 / 16 Pro,Black,iPhone 16 Plus 128GB,New / Pre-Owned / Pre-Order,0470F45A-5D29-4485-96F6-A78C5E9BDD60.jpeg,,Consultar
Apple,iPhone,iPhone 16 / 16 Pro,iPhone 16 / 16 Pro,Black,iPhone 16 Plus 256GB,New / Pre-Owned / Pre-Order,0470F45A-5D29-4485-96F6-A78C5E9BDD60.jpeg,,Consultar
Apple,iPhone,iPhone 16 / 16 Pro,iPhone 16 / 16 Pro,Black,iPhone 16 Pro 128GB,New / Pre-Owned / Pre-Order,0470F45A-5D29-4485-96F6-A78C5E9BDD60.jpeg,,Consultar
Apple,iPhone,iPhone 16 / 16 Pro,iPhone 16 / 16 Pro,Black,iPhone 16 Pro 256GB,New / Pre-Owned / Pre-Order,0470F45A-5D29-4485-96F6-A78C5E9BDD60.jpeg,,Consultar
Apple,iPhone,iPhone 16 / 16 Pro,iPhone 16 / 16 Pro,Black,iPhone 16 Pro Max 256GB,New / Pre-Owned / Pre-Order,0470F45A-5D29-4485-96F6-A78C5E9BDD60.jpeg,,Consultar
Apple,iPhone,iPhone 16 / 16 Pro,iPhone 16 / 16 Pro,Black,iPhone 16 Pro Max 512GB,New / Pre-Owned / Pre-Order,0470F45A-5D29-4485-96F6-A78C5E9BDD60.jpeg,,Consultar
Apple,iPhone,iPhone 16 / 16 Pro,iPhone 16 / 16 Pro,White,iPhone 16 128GB,New / Pre-Owned / Pre-Order,B6E1BE86-C78E-49AC-8188-D5E48A074AC1.jpeg,,Consultar
Apple,iPhone,iPhone 16 / 16 Pro,iPhone 16 / 16 Pro,White,iPhone 16 256GB,New / Pre-Owned / Pre-Order,B6E1BE86-C78E-49AC-8188-D5E48A074AC1.jpeg,,Consultar
Apple,iPhone,iPhone 16 / 16 Pro,iPhone 16 / 16 Pro,White,iPhone 16 512GB,New / Pre-Owned / Pre-Order,B6E1BE86-C78E-49AC-8188-D5E48A074AC1.jpeg,,Consultar
Apple,iPhone,iPhone 16 / 16 Pro,iPhone 16 / 16 Pro,White,iPhone 16 Plus 128GB,New / Pre-Owned / Pre-Order,B6E1BE86-C78E-49AC-8188-D5E48A074AC1.jpeg,,Consultar
Apple,iPhone,iPhone 16 / 16 Pro,iPhone 16 / 16 Pro,White,iPhone 16 Plus 256GB,New / Pre-Owned / Pre-Order,B6E1BE86-C78E-49AC-8188-D5E48A074AC1.jpeg,,Consultar
Apple,iPhone,iPhone 16 / 16 Pro,iPhone 16 / 16 Pro,White,iPhone 16 Pro 128GB,New / Pre-Owned / Pre-Order,B6E1BE86-C78E-49AC-8188-D5E48A074AC1.jpeg,,Consultar
Apple,iPhone,iPhone 16 / 16 Pro,iPhone 16 / 16 Pro,White,iPhone 16 Pro 256GB,New / Pre-Owned / Pre-Order,B6E1BE86-C78E-49AC-8188-D5E48A074AC1.jpeg,,Consultar
Apple,iPhone,iPhone 16 / 16 Pro,iPhone 16 / 16 Pro,White,iPhone 16 Pro Max 256GB,New / Pre-Owned / Pre-Order,B6E1BE86-C78E-49AC-8188-D5E48A074AC1.jpeg,,Consultar
Apple,iPhone,iPhone 16 / 16 Pro,iPhone 16 / 16 Pro,White,iPhone 16 Pro Max 512GB,New / Pre-Owned / Pre-Order,B6E1BE86-C78E-49AC-8188-D5E48A074AC1.jpeg,,Consultar
Apple,iPhone,iPhone 16 / 16 Pro,iPhone 16 / 16 Pro,Pink,iPhone 16 128GB,New / Pre-Owned / Pre-Order,511277EA-83E6-41EA-94E7-56758B2CBAFB.jpeg,,Consultar
Apple,iPhone,iPhone 16 / 16 Pro,iPhone 16 / 16 Pro,Pink,iPhone 16 256GB,New / Pre-Owned / Pre-Order,511277EA-83E6-41EA-94E7-56758B2CBAFB.jpeg,,Consultar
Apple,iPhone,iPhone 16 / 16 Pro,iPhone 16 / 16 Pro,Pink,iPhone 16 512GB,New / Pre-Owned / Pre-Order,511277EA-83E6-41EA-94E7-56758B2CBAFB.jpeg,,Consultar
Apple,iPhone,iPhone 16 / 16 Pro,iPhone 16 / 16 Pro,Pink,iPhone 16 Plus 128GB,New / Pre-Owned / Pre-Order,511277EA-83E6-41EA-94E7-56758B2CBAFB.jpeg,,Consultar
Apple,iPhone,iPhone 16 / 16 Pro,iPhone 16 / 16 Pro,Pink,iPhone 16 Plus 256GB,New / Pre-Owned / Pre-Order,511277EA-83E6-41EA-94E7-56758B2CBAFB.jpeg,,Consultar
Apple,iPhone,iPhone 16 / 16 Pro,iPhone 16 / 16 Pro,Pink,iPhone 16 Pro 128GB,New / Pre-Owned / Pre-Order,511277EA-83E6-41EA-94E7-56758B2CBAFB.jpeg,,Consultar
Apple,iPhone,iPhone 16 / 16 Pro,iPhone 16 / 16 Pro,Pink,iPhone 16 Pro 256GB,New / Pre-Owned / Pre-Order,511277EA-83E6-41EA-94E7-56758B2CBAFB.jpeg,,Consultar
Apple,iPhone,iPhone 16 / 16 Pro,iPhone 16 / 16 Pro,Pink,iPhone 16 Pro Max 256GB,New / Pre-Owned / Pre-Order,511277EA-83E6-41EA-94E7-56758B2CBAFB.jpeg,,Consultar
Apple,iPhone,iPhone 16 / 16 Pro,iPhone 16 / 16 Pro,Pink,iPhone 16 Pro Max 512GB,New / Pre-Owned / Pre-Order,511277EA-83E6-41EA-94E7-56758B2CBAFB.jpeg,,Consultar
Apple,iPhone,iPhone 16 / 16 Pro,iPhone 16 / 16 Pro,Teal,iPhone 16 128GB,New / Pre-Owned / Pre-Order,533BEE98-8457-4490-886F-8D1833488D8A.jpeg,,Consultar
Apple,iPhone,iPhone 16 / 16 Pro,iPhone 16 / 16 Pro,Teal,iPhone 16 256GB,New / Pre-Owned / Pre-Order,533BEE98-8457-4490-886F-8D1833488D8A.jpeg,,Consultar
Apple,iPhone,iPhone 16 / 16 Pro,iPhone 16 / 16 Pro,Teal,iPhone 16 512GB,New / Pre-Owned / Pre-Order,533BEE98-8457-4490-886F-8D1833488D8A.jpeg,,Consultar
Apple,iPhone,iPhone 16 / 16 Pro,iPhone 16 / 16 Pro,Teal,iPhone 16 Plus 128GB,New / Pre-Owned / Pre-Order,533BEE98-8457-4490-886F-8D1833488D8A.jpeg,,Consultar
Apple,iPhone,iPhone 16 / 16 Pro,iPhone 16 / 16 Pro,Teal,iPhone 16 Plus 256GB,New / Pre-Owned / Pre-Order,533BEE98-8457-4490-886F-8D1833488D8A.jpeg,,Consultar
Apple,iPhone,iPhone 16 / 16 Pro,iPhone 16 / 16 Pro,Teal,iPhone 16 Pro 128GB,New / Pre-Owned / Pre-Order,533BEE98-8457-4490-886F-8D1833488D8A.jpeg,,Consultar
Apple,iPhone,iPhone 16 / 16 Pro,iPhone 16 / 16 Pro,Teal,iPhone 16 Pro 256GB,New / Pre-Owned / Pre-Order,533BEE98-8457-4490-886F-8D1833488D8A.jpeg,,Consultar
Apple,iPhone,iPhone 16 / 16 Pro,iPhone 16 / 16 Pro,Teal,iPhone 16 Pro Max 256GB,New / Pre-Owned / Pre-Order,533BEE98-8457-4490-886F-8D1833488D8A.jpeg,,Consultar
Apple,iPhone,iPhone 16 / 16 Pro,iPhone 16 / 16 Pro,Teal,iPhone 16 Pro Max 512GB,New / Pre-Owned / Pre-Order,533BEE98-8457-4490-886F-8D1833488D8A.jpeg,,Consultar
Apple,iPad,iPad A16,iPad A16,Silver,64GB Wi‑Fi,New / Pre-Owned / Pre-Order,C1D43603-926A-4ACF-AA49-5AD3866E8AC5.jpeg,,Consultar
Apple,iPad,iPad A16,iPad A16,Silver,256GB Wi‑Fi,New / Pre-Owned / Pre-Order,C1D43603-926A-4ACF-AA49-5AD3866E8AC5.jpeg,,Consultar
Apple,iPad,iPad A16,iPad A16,Silver,64GB Wi‑Fi + Cellular,New / Pre-Owned / Pre-Order,C1D43603-926A-4ACF-AA49-5AD3866E8AC5.jpeg,,Consultar
Apple,iPad,iPad A16,iPad A16,Silver,256GB Wi‑Fi + Cellular,New / Pre-Owned / Pre-Order,C1D43603-926A-4ACF-AA49-5AD3866E8AC5.jpeg,,Consultar
Apple,iPad,iPad A16,iPad A16,Yellow,64GB Wi‑Fi,New / Pre-Owned / Pre-Order,DB026A04-BE10-4DFE-BAD8-CB143E67D14D.jpeg,,Consultar
Apple,iPad,iPad A16,iPad A16,Yellow,256GB Wi‑Fi,New / Pre-Owned / Pre-Order,DB026A04-BE10-4DFE-BAD8-CB143E67D14D.jpeg,,Consultar
Apple,iPad,iPad A16,iPad A16,Yellow,64GB Wi‑Fi + Cellular,New / Pre-Owned / Pre-Order,DB026A04-BE10-4DFE-BAD8-CB143E67D14D.jpeg,,Consultar
Apple,iPad,iPad A16,iPad A16,Yellow,256GB Wi‑Fi + Cellular,New / Pre-Owned / Pre-Order,DB026A04-BE10-4DFE-BAD8-CB143E67D14D.jpeg,,Consultar
Apple,iPad,iPad A16,iPad A16,Pink,64GB Wi‑Fi,New / Pre-Owned / Pre-Order,96581A2E-8F6F-4DD6-9F24-F29584414053.jpeg,,Consultar
Apple,iPad,iPad A16,iPad A16,Pink,256GB Wi‑Fi,New / Pre-Owned / Pre-Order,96581A2E-8F6F-4DD6-9F24-F29584414053.jpeg,,Consultar
Apple,iPad,iPad A16,iPad A16,Pink,64GB Wi‑Fi + Cellular,New / Pre-Owned / Pre-Order,96581A2E-8F6F-4DD6-9F24-F29584414053.jpeg,,Consultar
Apple,iPad,iPad A16,iPad A16,Pink,256GB Wi‑Fi + Cellular,New / Pre-Owned / Pre-Order,96581A2E-8F6F-4DD6-9F24-F29584414053.jpeg,,Consultar
Apple,iPad,iPad A16,iPad A16,Blue,64GB Wi‑Fi,New / Pre-Owned / Pre-Order,5F066EFD-92A6-435A-A94F-33EBAC852AB1.jpeg,,Consultar
Apple,iPad,iPad A16,iPad A16,Blue,256GB Wi‑Fi,New / Pre-Owned / Pre-Order,5F066EFD-92A6-435A-A94F-33EBAC852AB1.jpeg,,Consultar
Apple,iPad,iPad A16,iPad A16,Blue,64GB Wi‑Fi + Cellular,New / Pre-Owned / Pre-Order,5F066EFD-92A6-435A-A94F-33EBAC852AB1.jpeg,,Consultar
Apple,iPad,iPad A16,iPad A16,Blue,256GB Wi‑Fi + Cellular,New / Pre-Owned / Pre-Order,5F066EFD-92A6-435A-A94F-33EBAC852AB1.jpeg,,Consultar
Apple,Mac,MacBook Air M3,MacBook Air M3 13” / 15”,Silver,13” 8GB/256GB,New / Pre-Owned / Pre-Order,CA58125C-4DCB-430B-8FDE-EC2D3ED98963.jpeg,,Consultar
Apple,Mac,MacBook Air M3,MacBook Air M3 13” / 15”,Silver,13” 8GB/512GB,New / Pre-Owned / Pre-Order,CA58125C-4DCB-430B-8FDE-EC2D3ED98963.jpeg,,Consultar
Apple,Mac,MacBook Air M3,MacBook Air M3 13” / 15”,Silver,13” 16GB/512GB,New / Pre-Owned / Pre-Order,CA58125C-4DCB-430B-8FDE-EC2D3ED98963.jpeg,,Consultar
Apple,Mac,MacBook Air M3,MacBook Air M3 13” / 15”,Silver,15” 8GB/256GB,New / Pre-Owned / Pre-Order,CA58125C-4DCB-430B-8FDE-EC2D3ED98963.jpeg,,Consultar
Apple,Mac,MacBook Air M3,MacBook Air M3 13” / 15”,Silver,15” 8GB/512GB,New / Pre-Owned / Pre-Order,CA58125C-4DCB-430B-8FDE-EC2D3ED98963.jpeg,,Consultar
Apple,Mac,MacBook Air M3,MacBook Air M3 13” / 15”,Silver,15” 16GB/512GB,New / Pre-Owned / Pre-Order,CA58125C-4DCB-430B-8FDE-EC2D3ED98963.jpeg,,Consultar
Apple,Mac,MacBook Air M3,MacBook Air M3 13” / 15”,Starlight,13” 8GB/256GB,New / Pre-Owned / Pre-Order,0B8D2367-C7F9-4E05-8C7E-87BF7282140C.jpeg,,Consultar
Apple,Mac,MacBook Air M3,MacBook Air M3 13” / 15”,Starlight,13” 8GB/512GB,New / Pre-Owned / Pre-Order,0B8D2367-C7F9-4E05-8C7E-87BF7282140C.jpeg,,Consultar
Apple,Mac,MacBook Air M3,MacBook Air M3 13” / 15”,Starlight,13” 16GB/512GB,New / Pre-Owned / Pre-Order,0B8D2367-C7F9-4E05-8C7E-87BF7282140C.jpeg,,Consultar
Apple,Mac,MacBook Air M3,MacBook Air M3 13” / 15”,Starlight,15” 8GB/256GB,New / Pre-Owned / Pre-Order,0B8D2367-C7F9-4E05-8C7E-87BF7282140C.jpeg,,Consultar
Apple,Mac,MacBook Air M3,MacBook Air M3 13” / 15”,Starlight,15” 8GB/512GB,New / Pre-Owned / Pre-Order,0B8D2367-C7F9-4E05-8C7E-87BF7282140C.jpeg,,Consultar
Apple,Mac,MacBook Air M3,MacBook Air M3 13” / 15”,Starlight,15” 16GB/512GB,New / Pre-Owned / Pre-Order,0B8D2367-C7F9-4E05-8C7E-87BF7282140C.jpeg,,Consultar
Apple,Mac,MacBook Air M3,MacBook Air M3 13” / 15”,Space Gray,13” 8GB/256GB,New / Pre-Owned / Pre-Order,DDC1CBFD-2AEC-4904-B1C7-0A967D99A2A1.jpeg,,Consultar
Apple,Mac,MacBook Air M3,MacBook Air M3 13” / 15”,Space Gray,13” 8GB/512GB,New / Pre-Owned / Pre-Order,DDC1CBFD-2AEC-4904-B1C7-0A967D99A2A1.jpeg,,Consultar
Apple,Mac,MacBook Air M3,MacBook Air M3 13” / 15”,Space Gray,13” 16GB/512GB,New / Pre-Owned / Pre-Order,DDC1CBFD-2AEC-4904-B1C7-0A967D99A2A1.jpeg,,Consultar
Apple,Mac,MacBook Air M3,MacBook Air M3 13” / 15”,Space Gray,15” 8GB/256GB,New / Pre-Owned / Pre-Order,DDC1CBFD-2AEC-4904-B1C7-0A967D99A2A1.jpeg,,Consultar
Apple,Mac,MacBook Air M3,MacBook Air M3 13” / 15”,Space Gray,15” 8GB/512GB,New / Pre-Owned / Pre-Order,DDC1CBFD-2AEC-4904-B1C7-0A967D99A2A1.jpeg,,Consultar
Apple,Mac,MacBook Air M3,MacBook Air M3 13” / 15”,Space Gray,15” 16GB/512GB,New / Pre-Owned / Pre-Order,DDC1CBFD-2AEC-4904-B1C7-0A967D99A2A1.jpeg,,Consultar
Apple,Mac,MacBook Air M3,MacBook Air M3 13” / 15”,Midnight,13” 8GB/256GB,New / Pre-Owned / Pre-Order,15BE25B5-AC00-4514-BCDE-5B94E3104EDB.jpeg,,Consultar
Apple,Mac,MacBook Air M3,MacBook Air M3 13” / 15”,Midnight,13” 8GB/512GB,New / Pre-Owned / Pre-Order,15BE25B5-AC00-4514-BCDE-5B94E3104EDB.jpeg,,Consultar
Apple,Mac,MacBook Air M3,MacBook Air M3 13” / 15”,Midnight,13” 16GB/512GB,New / Pre-Owned / Pre-Order,15BE25B5-AC00-4514-BCDE-5B94E3104EDB.jpeg,,Consultar
Apple,Mac,MacBook Air M3,MacBook Air M3 13” / 15”,Midnight,15” 8GB/256GB,New / Pre-Owned / Pre-Order,15BE25B5-AC00-4514-BCDE-5B94E3104EDB.jpeg,,Consultar
Apple,Mac,MacBook Air M3,MacBook Air M3 13” / 15”,Midnight,15” 8GB/512GB,New / Pre-Owned / Pre-Order,15BE25B5-AC00-4514-BCDE-5B94E3104EDB.jpeg,,Consultar
Apple,Mac,MacBook Air M3,MacBook Air M3 13” / 15”,Midnight,15” 16GB/512GB,New / Pre-Owned / Pre-Order,15BE25B5-AC00-4514-BCDE-5B94E3104EDB.jpeg,,Consultar
Apple,Mac,MacBook Air M4,MacBook Air M4 13” / 15”,Silver,13” 16GB/256GB,New / Pre-Owned / Pre-Order,BC50FADF-3D43-4046-BC69-406D84EC9B0B.jpeg,,Consultar
Apple,Mac,MacBook Air M4,MacBook Air M4 13” / 15”,Silver,13” 16GB/512GB,New / Pre-Owned / Pre-Order,BC50FADF-3D43-4046-BC69-406D84EC9B0B.jpeg,,Consultar
Apple,Mac,MacBook Air M4,MacBook Air M4 13” / 15”,Silver,13” 24GB/512GB,New / Pre-Owned / Pre-Order,BC50FADF-3D43-4046-BC69-406D84EC9B0B.jpeg,,Consultar
Apple,Mac,MacBook Air M4,MacBook Air M4 13” / 15”,Silver,15” 16GB/256GB,New / Pre-Owned / Pre-Order,BC50FADF-3D43-4046-BC69-406D84EC9B0B.jpeg,,Consultar
Apple,Mac,MacBook Air M4,MacBook Air M4 13” / 15”,Silver,15” 16GB/512GB,New / Pre-Owned / Pre-Order,BC50FADF-3D43-4046-BC69-406D84EC9B0B.jpeg,,Consultar
Apple,Mac,MacBook Air M4,MacBook Air M4 13” / 15”,Silver,15” 24GB/512GB,New / Pre-Owned / Pre-Order,BC50FADF-3D43-4046-BC69-406D84EC9B0B.jpeg,,Consultar
Apple,Mac,MacBook Air M4,MacBook Air M4 13” / 15”,Starlight,13” 16GB/256GB,New / Pre-Owned / Pre-Order,AAC73A20-7D3D-4E40-89B1-03C76C521678.jpeg,,Consultar
Apple,Mac,MacBook Air M4,MacBook Air M4 13” / 15”,Starlight,13” 16GB/512GB,New / Pre-Owned / Pre-Order,AAC73A20-7D3D-4E40-89B1-03C76C521678.jpeg,,Consultar
Apple,Mac,MacBook Air M4,MacBook Air M4 13” / 15”,Starlight,13” 24GB/512GB,New / Pre-Owned / Pre-Order,AAC73A20-7D3D-4E40-89B1-03C76C521678.jpeg,,Consultar
Apple,Mac,MacBook Air M4,MacBook Air M4 13” / 15”,Starlight,15” 16GB/256GB,New / Pre-Owned / Pre-Order,AAC73A20-7D3D-4E40-89B1-03C76C521678.jpeg,,Consultar
Apple,Mac,MacBook Air M4,MacBook Air M4 13” / 15”,Starlight,15” 16GB/512GB,New / Pre-Owned / Pre-Order,AAC73A20-7D3D-4E40-89B1-03C76C521678.jpeg,,Consultar
Apple,Mac,MacBook Air M4,MacBook Air M4 13” / 15”,Starlight,15” 24GB/512GB,New / Pre-Owned / Pre-Order,AAC73A20-7D3D-4E40-89B1-03C76C521678.jpeg,,Consultar
Apple,Mac,MacBook Air M4,MacBook Air M4 13” / 15”,Midnight,13” 16GB/256GB,New / Pre-Owned / Pre-Order,91DDA5DD-CCC4-4D78-A07E-BCA182109D40.jpeg,,Consultar
Apple,Mac,MacBook Air M4,MacBook Air M4 13” / 15”,Midnight,13” 16GB/512GB,New / Pre-Owned / Pre-Order,91DDA5DD-CCC4-4D78-A07E-BCA182109D40.jpeg,,Consultar
Apple,Mac,MacBook Air M4,MacBook Air M4 13” / 15”,Midnight,13” 24GB/512GB,New / Pre-Owned / Pre-Order,91DDA5DD-CCC4-4D78-A07E-BCA182109D40.jpeg,,Consultar
Apple,Mac,MacBook Air M4,MacBook Air M4 13” / 15”,Midnight,15” 16GB/256GB,New / Pre-Owned / Pre-Order,91DDA5DD-CCC4-4D78-A07E-BCA182109D40.jpeg,,Consultar
Apple,Mac,MacBook Air M4,MacBook Air M4 13” / 15”,Midnight,15” 16GB/512GB,New / Pre-Owned / Pre-Order,91DDA5DD-CCC4-4D78-A07E-BCA182109D40.jpeg,,Consultar
Apple,Mac,MacBook Air M4,MacBook Air M4 13” / 15”,Midnight,15” 24GB/512GB,New / Pre-Owned / Pre-Order,91DDA5DD-CCC4-4D78-A07E-BCA182109D40.jpeg,,Consultar
Apple,Mac,MacBook Pro M4,MacBook Pro M4 / M4 Pro / M4 Max,Space Black,14” M4 16GB/512GB,New / Renovado / Pre-Order,808305CE-598A-4D9B-8E47-B54AE9A0ACD9.jpeg,,Consultar
Apple,Mac,MacBook Pro M4,MacBook Pro M4 / M4 Pro / M4 Max,Space Black,14” M4 Pro 24GB/512GB,New / Renovado / Pre-Order,808305CE-598A-4D9B-8E47-B54AE9A0ACD9.jpeg,,Consultar
Apple,Mac,MacBook Pro M4,MacBook Pro M4 / M4 Pro / M4 Max,Space Black,14” M4 Pro 24GB/1TB,New / Renovado / Pre-Order,808305CE-598A-4D9B-8E47-B54AE9A0ACD9.jpeg,,Consultar
Apple,Mac,MacBook Pro M4,MacBook Pro M4 / M4 Pro / M4 Max,Space Black,16” M4 Pro 24GB/512GB,New / Renovado / Pre-Order,808305CE-598A-4D9B-8E47-B54AE9A0ACD9.jpeg,,Consultar
Apple,Mac,MacBook Pro M4,MacBook Pro M4 / M4 Pro / M4 Max,Space Black,16” M4 Pro 24GB/1TB,New / Renovado / Pre-Order,808305CE-598A-4D9B-8E47-B54AE9A0ACD9.jpeg,,Consultar
Apple,Mac,MacBook Pro M4,MacBook Pro M4 / M4 Pro / M4 Max,Space Black,16” M4 Max 36GB/1TB,New / Renovado / Pre-Order,808305CE-598A-4D9B-8E47-B54AE9A0ACD9.jpeg,,Consultar
Apple,Mac,MacBook Pro M4,MacBook Pro M4 / M4 Pro / M4 Max,Silver,14” M4 16GB/512GB,New / Renovado / Pre-Order,097B8C63-D8D6-40C3-A788-8936E607C166.jpeg,,Consultar
Apple,Mac,MacBook Pro M4,MacBook Pro M4 / M4 Pro / M4 Max,Silver,14” M4 Pro 24GB/512GB,New / Renovado / Pre-Order,097B8C63-D8D6-40C3-A788-8936E607C166.jpeg,,Consultar
Apple,Mac,MacBook Pro M4,MacBook Pro M4 / M4 Pro / M4 Max,Silver,14” M4 Pro 24GB/1TB,New / Renovado / Pre-Order,097B8C63-D8D6-40C3-A788-8936E607C166.jpeg,,Consultar
Apple,Mac,MacBook Pro M4,MacBook Pro M4 / M4 Pro / M4 Max,Silver,16” M4 Pro 24GB/512GB,New / Renovado / Pre-Order,097B8C63-D8D6-40C3-A788-8936E607C166.jpeg,,Consultar
Apple,Mac,MacBook Pro M4,MacBook Pro M4 / M4 Pro / M4 Max,Silver,16” M4 Pro 24GB/1TB,New / Renovado / Pre-Order,097B8C63-D8D6-40C3-A788-8936E607C166.jpeg,,Consultar
Apple,Mac,MacBook Pro M4,MacBook Pro M4 / M4 Pro / M4 Max,Silver,16” M4 Max 36GB/1TB,New / Renovado / Pre-Order,097B8C63-D8D6-40C3-A788-8936E607C166.jpeg,,Consultar
Apple,Audio,AirPods / AirPods Pro / AirPods Max,AirPods 4 / Pro 3 / Max,White,AirPods 4,New / Pre-Owned / Pre-Order,BC3BEB02-EECB-47A7-994D-8D817D772336.jpeg,,Consultar
Apple,Audio,AirPods / AirPods Pro / AirPods Max,AirPods 4 / Pro 3 / Max,White,AirPods 4 ANC,New / Pre-Owned / Pre-Order,BC3BEB02-EECB-47A7-994D-8D817D772336.jpeg,,Consultar
Apple,Audio,AirPods / AirPods Pro / AirPods Max,AirPods 4 / Pro 3 / Max,White,AirPods Pro,New / Pre-Owned / Pre-Order,BC3BEB02-EECB-47A7-994D-8D817D772336.jpeg,,Consultar
Apple,Audio,AirPods / AirPods Pro / AirPods Max,AirPods 4 / Pro 3 / Max,White,AirPods Max,New / Pre-Owned / Pre-Order,BC3BEB02-EECB-47A7-994D-8D817D772336.jpeg,,Consultar
Apple,Audio,AirPods / AirPods Pro / AirPods Max,AirPods 4 / Pro 3 / Max,Silver,AirPods 4,New / Pre-Owned / Pre-Order,6377B7FF-50AC-454F-BCA6-95E5870847CC.jpeg,,Consultar
Apple,Audio,AirPods / AirPods Pro / AirPods Max,AirPods 4 / Pro 3 / Max,Silver,AirPods 4 ANC,New / Pre-Owned / Pre-Order,6377B7FF-50AC-454F-BCA6-95E5870847CC.jpeg,,Consultar
Apple,Audio,AirPods / AirPods Pro / AirPods Max,AirPods 4 / Pro 3 / Max,Silver,AirPods Pro,New / Pre-Owned / Pre-Order,6377B7FF-50AC-454F-BCA6-95E5870847CC.jpeg,,Consultar
Apple,Audio,AirPods / AirPods Pro / AirPods Max,AirPods 4 / Pro 3 / Max,Silver,AirPods Max,New / Pre-Owned / Pre-Order,6377B7FF-50AC-454F-BCA6-95E5870847CC.jpeg,,Consultar
Apple,Audio,AirPods / AirPods Pro / AirPods Max,AirPods 4 / Pro 3 / Max,Blue,AirPods 4,New / Pre-Owned / Pre-Order,1BC476FE-A1F1-4CDA-BF89-0B1350B342F4.jpeg,,Consultar
Apple,Audio,AirPods / AirPods Pro / AirPods Max,AirPods 4 / Pro 3 / Max,Blue,AirPods 4 ANC,New / Pre-Owned / Pre-Order,1BC476FE-A1F1-4CDA-BF89-0B1350B342F4.jpeg,,Consultar
Apple,Audio,AirPods / AirPods Pro / AirPods Max,AirPods 4 / Pro 3 / Max,Blue,AirPods Pro,New / Pre-Owned / Pre-Order,1BC476FE-A1F1-4CDA-BF89-0B1350B342F4.jpeg,,Consultar
Apple,Audio,AirPods / AirPods Pro / AirPods Max,AirPods 4 / Pro 3 / Max,Blue,AirPods Max,New / Pre-Owned / Pre-Order,1BC476FE-A1F1-4CDA-BF89-0B1350B342F4.jpeg,,Consultar
Apple,Audio,AirPods / AirPods Pro / AirPods Max,AirPods 4 / Pro 3 / Max,Black,AirPods 4,New / Pre-Owned / Pre-Order,17AA1D74-46AF-4E0F-BC27-458389532A87.jpeg,,Consultar
Apple,Audio,AirPods / AirPods Pro / AirPods Max,AirPods 4 / Pro 3 / Max,Black,AirPods 4 ANC,New / Pre-Owned / Pre-Order,17AA1D74-46AF-4E0F-BC27-458389532A87.jpeg,,Consultar
Apple,Audio,AirPods / AirPods Pro / AirPods Max,AirPods 4 / Pro 3 / Max,Black,AirPods Pro,New / Pre-Owned / Pre-Order,17AA1D74-46AF-4E0F-BC27-458389532A87.jpeg,,Consultar
Apple,Audio,AirPods / AirPods Pro / AirPods Max,AirPods 4 / Pro 3 / Max,Black,AirPods Max,New / Pre-Owned / Pre-Order,17AA1D74-46AF-4E0F-BC27-458389532A87.jpeg,,Consultar
Apple,Apple Watch,Apple Watch Series 11,Apple Watch Series 11,Midnight Black,41mm GPS,New / Pre-Owned / Pre-Order,BF45CD61-D224-4DC4-894B-81714C1AD421.jpeg,,Consultar
Apple,Apple Watch,Apple Watch Series 11,Apple Watch Series 11,Midnight Black,45mm GPS,New / Pre-Owned / Pre-Order,BF45CD61-D224-4DC4-894B-81714C1AD421.jpeg,,Consultar
Apple,Apple Watch,Apple Watch Series 11,Apple Watch Series 11,Midnight Black,41mm GPS + Cellular,New / Pre-Owned / Pre-Order,BF45CD61-D224-4DC4-894B-81714C1AD421.jpeg,,Consultar
Apple,Apple Watch,Apple Watch Series 11,Apple Watch Series 11,Midnight Black,45mm GPS + Cellular,New / Pre-Owned / Pre-Order,BF45CD61-D224-4DC4-894B-81714C1AD421.jpeg,,Consultar
Apple,Apple Watch,Apple Watch Series 11,Apple Watch Series 11,Silver,41mm GPS,New / Pre-Owned / Pre-Order,EE728912-0E2F-4C0E-847D-DCA2B1406A54.jpeg,,Consultar
Apple,Apple Watch,Apple Watch Series 11,Apple Watch Series 11,Silver,45mm GPS,New / Pre-Owned / Pre-Order,EE728912-0E2F-4C0E-847D-DCA2B1406A54.jpeg,,Consultar
Apple,Apple Watch,Apple Watch Series 11,Apple Watch Series 11,Silver,41mm GPS + Cellular,New / Pre-Owned / Pre-Order,EE728912-0E2F-4C0E-847D-DCA2B1406A54.jpeg,,Consultar
Apple,Apple Watch,Apple Watch Series 11,Apple Watch Series 11,Silver,45mm GPS + Cellular,New / Pre-Owned / Pre-Order,EE728912-0E2F-4C0E-847D-DCA2B1406A54.jpeg,,Consultar
Apple,Apple Watch,Apple Watch Series 11,Apple Watch Series 11,Rose Gold,41mm GPS,New / Pre-Owned / Pre-Order,15DF6918-725C-4875-AF4F-B4FB7B42C43F.jpeg,,Consultar
Apple,Apple Watch,Apple Watch Series 11,Apple Watch Series 11,Rose Gold,45mm GPS,New / Pre-Owned / Pre-Order,15DF6918-725C-4875-AF4F-B4FB7B42C43F.jpeg,,Consultar
Apple,Apple Watch,Apple Watch Series 11,Apple Watch Series 11,Rose Gold,41mm GPS + Cellular,New / Pre-Owned / Pre-Order,15DF6918-725C-4875-AF4F-B4FB7B42C43F.jpeg,,Consultar
Apple,Apple Watch,Apple Watch Series 11,Apple Watch Series 11,Rose Gold,45mm GPS + Cellular,New / Pre-Owned / Pre-Order,15DF6918-725C-4875-AF4F-B4FB7B42C43F.jpeg,,Consultar
Apple,Apple Watch,Apple Watch Series 11,Apple Watch Series 11,Lavender,41mm GPS,New / Pre-Owned / Pre-Order,62751589-2BC5-447E-B653-4E408C728EE0.jpeg,,Consultar
Apple,Apple Watch,Apple Watch Series 11,Apple Watch Series 11,Lavender,45mm GPS,New / Pre-Owned / Pre-Order,62751589-2BC5-447E-B653-4E408C728EE0.jpeg,,Consultar
Apple,Apple Watch,Apple Watch Series 11,Apple Watch Series 11,Lavender,41mm GPS + Cellular,New / Pre-Owned / Pre-Order,62751589-2BC5-447E-B653-4E408C728EE0.jpeg,,Consultar
Apple,Apple Watch,Apple Watch Series 11,Apple Watch Series 11,Lavender,45mm GPS + Cellular,New / Pre-Owned / Pre-Order,62751589-2BC5-447E-B653-4E408C728EE0.jpeg,,Consultar
Apple,Accesorios,Accesorios Apple,Accesorios Apple,Magic Keyboard,Magic Keyboard,New / Pre-Owned / Pre-Order,BDE8E61A-C83F-4659-B8A4-04B666FA67DE.jpeg,,Consultar
Apple,Accesorios,Accesorios Apple,Accesorios Apple,Magic Keyboard,Magic Mouse,New / Pre-Owned / Pre-Order,BDE8E61A-C83F-4659-B8A4-04B666FA67DE.jpeg,,Consultar
Apple,Accesorios,Accesorios Apple,Accesorios Apple,Magic Keyboard,AirTag Pack de 4,New / Pre-Owned / Pre-Order,BDE8E61A-C83F-4659-B8A4-04B666FA67DE.jpeg,,Consultar
Apple,Accesorios,Accesorios Apple,Accesorios Apple,Magic Keyboard,Cable USB‑C 240W 2M,New / Pre-Owned / Pre-Order,BDE8E61A-C83F-4659-B8A4-04B666FA67DE.jpeg,,Consultar
Apple,Accesorios,Accesorios Apple,Accesorios Apple,Magic Keyboard,Apple Pencil USB‑C,New / Pre-Owned / Pre-Order,BDE8E61A-C83F-4659-B8A4-04B666FA67DE.jpeg,,Consultar
Apple,Accesorios,Accesorios Apple,Accesorios Apple,Magic Keyboard,Apple Pencil 2da generación,New / Pre-Owned / Pre-Order,BDE8E61A-C83F-4659-B8A4-04B666FA67DE.jpeg,,Consultar
Apple,Accesorios,Accesorios Apple,Accesorios Apple,Magic Mouse,Magic Keyboard,New / Pre-Owned / Pre-Order,F9757CC0-6C99-4D2B-A67C-81FE060A3F98.jpeg,,Consultar
Apple,Accesorios,Accesorios Apple,Accesorios Apple,Magic Mouse,Magic Mouse,New / Pre-Owned / Pre-Order,F9757CC0-6C99-4D2B-A67C-81FE060A3F98.jpeg,,Consultar
Apple,Accesorios,Accesorios Apple,Accesorios Apple,Magic Mouse,AirTag Pack de 4,New / Pre-Owned / Pre-Order,F9757CC0-6C99-4D2B-A67C-81FE060A3F98.jpeg,,Consultar
Apple,Accesorios,Accesorios Apple,Accesorios Apple,Magic Mouse,Cable USB‑C 240W 2M,New / Pre-Owned / Pre-Order,F9757CC0-6C99-4D2B-A67C-81FE060A3F98.jpeg,,Consultar
Apple,Accesorios,Accesorios Apple,Accesorios Apple,Magic Mouse,Apple Pencil USB‑C,New / Pre-Owned / Pre-Order,F9757CC0-6C99-4D2B-A67C-81FE060A3F98.jpeg,,Consultar
Apple,Accesorios,Accesorios Apple,Accesorios Apple,Magic Mouse,Apple Pencil 2da generación,New / Pre-Owned / Pre-Order,F9757CC0-6C99-4D2B-A67C-81FE060A3F98.jpeg,,Consultar
Apple,Accesorios,Accesorios Apple,Accesorios Apple,AirTag Pack 4,Magic Keyboard,New / Pre-Owned / Pre-Order,34BDF8B0-4748-48F8-A4C1-2B52B61F03A3.jpeg,,Consultar
Apple,Accesorios,Accesorios Apple,Accesorios Apple,AirTag Pack 4,Magic Mouse,New / Pre-Owned / Pre-Order,34BDF8B0-4748-48F8-A4C1-2B52B61F03A3.jpeg,,Consultar
Apple,Accesorios,Accesorios Apple,Accesorios Apple,AirTag Pack 4,AirTag Pack de 4,New / Pre-Owned / Pre-Order,34BDF8B0-4748-48F8-A4C1-2B52B61F03A3.jpeg,,Consultar
Apple,Accesorios,Accesorios Apple,Accesorios Apple,AirTag Pack 4,Cable USB‑C 240W 2M,New / Pre-Owned / Pre-Order,34BDF8B0-4748-48F8-A4C1-2B52B61F03A3.jpeg,,Consultar
Apple,Accesorios,Accesorios Apple,Accesorios Apple,AirTag Pack 4,Apple Pencil USB‑C,New / Pre-Owned / Pre-Order,34BDF8B0-4748-48F8-A4C1-2B52B61F03A3.jpeg,,Consultar
Apple,Accesorios,Accesorios Apple,Accesorios Apple,AirTag Pack 4,Apple Pencil 2da generación,New / Pre-Owned / Pre-Order,34BDF8B0-4748-48F8-A4C1-2B52B61F03A3.jpeg,,Consultar
Apple,Accesorios,Accesorios Apple,Accesorios Apple,Apple Pencil USB-C,Magic Keyboard,New / Pre-Owned / Pre-Order,0006EEA4-4088-48F6-A287-F0EBB608BB63.jpeg,,Consultar
Apple,Accesorios,Accesorios Apple,Accesorios Apple,Apple Pencil USB-C,Magic Mouse,New / Pre-Owned / Pre-Order,0006EEA4-4088-48F6-A287-F0EBB608BB63.jpeg,,Consultar
Apple,Accesorios,Accesorios Apple,Accesorios Apple,Apple Pencil USB-C,AirTag Pack de 4,New / Pre-Owned / Pre-Order,0006EEA4-4088-48F6-A287-F0EBB608BB63.jpeg,,Consultar
Apple,Accesorios,Accesorios Apple,Accesorios Apple,Apple Pencil USB-C,Cable USB‑C 240W 2M,New / Pre-Owned / Pre-Order,0006EEA4-4088-48F6-A287-F0EBB608BB63.jpeg,,Consultar
Apple,Accesorios,Accesorios Apple,Accesorios Apple,Apple Pencil USB-C,Apple Pencil USB‑C,New / Pre-Owned / Pre-Order,0006EEA4-4088-48F6-A287-F0EBB608BB63.jpeg,,Consultar
Apple,Accesorios,Accesorios Apple,Accesorios Apple,Apple Pencil USB-C,Apple Pencil 2da generación,New / Pre-Owned / Pre-Order,0006EEA4-4088-48F6-A287-F0EBB608BB63.jpeg,,Consultar
Apple,Accesorios,Accesorios Apple,Accesorios Apple,Apple Pencil 2da Gen,Magic Keyboard,New / Pre-Owned / Pre-Order,94CBDFD5-70E9-4ABE-88B7-9DFAE1A00275.jpeg,,Consultar
Apple,Accesorios,Accesorios Apple,Accesorios Apple,Apple Pencil 2da Gen,Magic Mouse,New / Pre-Owned / Pre-Order,94CBDFD5-70E9-4ABE-88B7-9DFAE1A00275.jpeg,,Consultar
Apple,Accesorios,Accesorios Apple,Accesorios Apple,Apple Pencil 2da Gen,AirTag Pack de 4,New / Pre-Owned / Pre-Order,94CBDFD5-70E9-4ABE-88B7-9DFAE1A00275.jpeg,,Consultar
Apple,Accesorios,Accesorios Apple,Accesorios Apple,Apple Pencil 2da Gen,Cable USB‑C 240W 2M,New / Pre-Owned / Pre-Order,94CBDFD5-70E9-4ABE-88B7-9DFAE1A00275.jpeg,,Consultar
Apple,Accesorios,Accesorios Apple,Accesorios Apple,Apple Pencil 2da Gen,Apple Pencil USB‑C,New / Pre-Owned / Pre-Order,94CBDFD5-70E9-4ABE-88B7-9DFAE1A00275.jpeg,,Consultar
Apple,Accesorios,Accesorios Apple,Accesorios Apple,Apple Pencil 2da Gen,Apple Pencil 2da generación,New / Pre-Owned / Pre-Order,94CBDFD5-70E9-4ABE-88B7-9DFAE1A00275.jpeg,,Consultar
